{"timestamp": "2025-08-29 16:09:43,045", "level": "WARNING", "logger": "app.core.errors", "message": "Validation error: [{'type': 'missing', 'loc': ('query', 'file_path'), 'msg': 'Field required', 'input': None}]"}
{"timestamp": "2025-08-29 16:09:57,003", "level": "INFO", "logger": "app.api.v1.endpoints.mt4_analysis", "message": "Received file path analysis request: D:\D Drive\ULTIMATE CALCULATOR\10.htm"}
{"timestamp": "2025-08-29 16:09:57,004", "level": "INFO", "logger": "app.services.mt4_service", "message": "Processing MT4 statement file: D:\D Drive\ULTIMATE CALCULATOR\10.htm"}
{"timestamp": "2025-08-29 16:09:57,005", "level": "INFO", "logger": "app.services.parsing.mt4_parser_service", "message": "Starting MT4 HTML statement parsing"}
{"timestamp": "2025-08-29 16:09:57,079", "level": "INFO", "logger": "app.services.parsing.mt4_parser_service", "message": "Successfully parsed 14 trades"}
{"timestamp": "2025-08-29 16:09:57,080", "level": "WARNING", "logger": "app.services.mt4_service", "message": "Data validation issues: ['Trade 8: Invalid stop loss: 0.0', 'Trade 8: Sell trade stop loss should be above entry price']"}
{"timestamp": "2025-08-29 16:09:57,080", "level": "INFO", "logger": "app.services.calculations.mt4_calculator_service", "message": "Calculating metrics for 14 trades"}
{"timestamp": "2025-08-29 16:09:57,082", "level": "INFO", "logger": "app.services.mt4_service", "message": "Successfully processed 14 trades in 0.08s"}
{"timestamp": "2025-08-29 16:09:57,082", "level": "INFO", "logger": "app.api.v1.endpoints.mt4_analysis", "message": "Path analysis completed in 0.08s"}
{"timestamp": "2025-08-29 16:14:46,794", "level": "INFO", "logger": "app.api.v1.endpoints.mt4_analysis", "message": "Received file path analysis request: D:\D Drive\10.htm"}
{"timestamp": "2025-08-29 16:14:46,794", "level": "INFO", "logger": "app.services.mt4_service", "message": "Processing MT4 statement file: D:\D Drive\10.htm"}
{"timestamp": "2025-08-29 16:14:46,796", "level": "ERROR", "logger": "app.services.mt4_service", "message": "File validation failed: File not found: D:\D Drive\10.htm"}
{"timestamp": "2025-08-29 16:14:46,796", "level": "WARNING", "logger": "app.core.errors", "message": "HTTP Exception: 400 - File validation failed"}
{"timestamp": "2025-08-29 16:15:07,066", "level": "INFO", "logger": "app.api.v1.endpoints.mt4_analysis", "message": "Received file path analysis request: D:\D Drive\ULTIMATE CALCULATOR\10.htm"}
{"timestamp": "2025-08-29 16:15:07,067", "level": "INFO", "logger": "app.services.mt4_service", "message": "Processing MT4 statement file: D:\D Drive\ULTIMATE CALCULATOR\10.htm"}
{"timestamp": "2025-08-29 16:15:07,068", "level": "INFO", "logger": "app.services.parsing.mt4_parser_service", "message": "Starting MT4 HTML statement parsing"}
{"timestamp": "2025-08-29 16:15:07,134", "level": "INFO", "logger": "app.services.parsing.mt4_parser_service", "message": "Successfully parsed 14 trades"}
{"timestamp": "2025-08-29 16:15:07,135", "level": "WARNING", "logger": "app.services.mt4_service", "message": "Data validation issues: ['Trade 8: Invalid stop loss: 0.0', 'Trade 8: Sell trade stop loss should be above entry price']"}
{"timestamp": "2025-08-29 16:15:07,136", "level": "INFO", "logger": "app.services.calculations.mt4_calculator_service", "message": "Calculating metrics for 14 trades"}
{"timestamp": "2025-08-29 16:15:07,137", "level": "INFO", "logger": "app.services.mt4_service", "message": "Successfully processed 14 trades in 0.07s"}
{"timestamp": "2025-08-29 16:15:07,137", "level": "INFO", "logger": "app.api.v1.endpoints.mt4_analysis", "message": "Path analysis completed in 0.07s"}
{"timestamp": "2025-08-29 16:15:09,171", "level": "INFO", "logger": "app.api.v1.endpoints.mt4_analysis", "message": "Received file upload: 10.htm"}
{"timestamp": "2025-08-29 16:15:09,172", "level": "INFO", "logger": "app.services.mt4_service", "message": "Processing MT4 statement file: \tmp\10.htm"}
{"timestamp": "2025-08-29 16:15:09,191", "level": "INFO", "logger": "app.services.parsing.mt4_parser_service", "message": "Starting MT4 HTML statement parsing"}
{"timestamp": "2025-08-29 16:15:09,253", "level": "INFO", "logger": "app.services.parsing.mt4_parser_service", "message": "Successfully parsed 14 trades"}
{"timestamp": "2025-08-29 16:15:09,254", "level": "WARNING", "logger": "app.services.mt4_service", "message": "Data validation issues: ['Trade 8: Invalid stop loss: 0.0', 'Trade 8: Sell trade stop loss should be above entry price']"}
{"timestamp": "2025-08-29 16:15:09,254", "level": "INFO", "logger": "app.services.calculations.mt4_calculator_service", "message": "Calculating metrics for 14 trades"}
{"timestamp": "2025-08-29 16:15:09,256", "level": "INFO", "logger": "app.services.mt4_service", "message": "Successfully processed 14 trades in 0.08s"}
{"timestamp": "2025-08-29 16:15:09,256", "level": "INFO", "logger": "app.api.v1.endpoints.mt4_analysis", "message": "File analysis completed in 0.09s"}
{"timestamp": "2025-08-29 16:18:31,322", "level": "INFO", "logger": "app.api.v1.endpoints.mt4_analysis", "message": "Received file path analysis request: D:\D Drive\ULTIMATE CALCULATOR\10.htm"}
{"timestamp": "2025-08-29 16:18:31,322", "level": "INFO", "logger": "app.services.mt4_service", "message": "Processing MT4 statement file: D:\D Drive\ULTIMATE CALCULATOR\10.htm"}
{"timestamp": "2025-08-29 16:18:31,323", "level": "INFO", "logger": "app.services.parsing.mt4_parser_service", "message": "Starting MT4 HTML statement parsing"}
{"timestamp": "2025-08-29 16:18:31,386", "level": "INFO", "logger": "app.services.parsing.mt4_parser_service", "message": "Successfully parsed 14 trades"}
{"timestamp": "2025-08-29 16:18:31,387", "level": "WARNING", "logger": "app.services.mt4_service", "message": "Data validation issues: ['Trade 8: Invalid stop loss: 0.0', 'Trade 8: Sell trade stop loss should be above entry price']"}
{"timestamp": "2025-08-29 16:18:31,387", "level": "INFO", "logger": "app.services.calculations.mt4_calculator_service", "message": "Calculating metrics for 14 trades"}
{"timestamp": "2025-08-29 16:18:31,389", "level": "INFO", "logger": "app.services.mt4_service", "message": "Successfully processed 14 trades in 0.07s"}
{"timestamp": "2025-08-29 16:18:31,389", "level": "INFO", "logger": "app.api.v1.endpoints.mt4_analysis", "message": "Path analysis completed in 0.07s"}
{"timestamp": "2025-08-29 16:18:33,460", "level": "INFO", "logger": "app.api.v1.endpoints.mt4_analysis", "message": "Received file upload: 10.htm"}
{"timestamp": "2025-08-29 16:18:33,462", "level": "INFO", "logger": "app.services.mt4_service", "message": "Processing MT4 statement file: \tmp\10.htm"}
{"timestamp": "2025-08-29 16:18:33,482", "level": "INFO", "logger": "app.services.parsing.mt4_parser_service", "message": "Starting MT4 HTML statement parsing"}
{"timestamp": "2025-08-29 16:18:33,551", "level": "INFO", "logger": "app.services.parsing.mt4_parser_service", "message": "Successfully parsed 14 trades"}
{"timestamp": "2025-08-29 16:18:33,551", "level": "WARNING", "logger": "app.services.mt4_service", "message": "Data validation issues: ['Trade 8: Invalid stop loss: 0.0', 'Trade 8: Sell trade stop loss should be above entry price']"}
{"timestamp": "2025-08-29 16:18:33,552", "level": "INFO", "logger": "app.services.calculations.mt4_calculator_service", "message": "Calculating metrics for 14 trades"}
{"timestamp": "2025-08-29 16:18:33,553", "level": "INFO", "logger": "app.services.mt4_service", "message": "Successfully processed 14 trades in 0.09s"}
{"timestamp": "2025-08-29 16:18:33,553", "level": "INFO", "logger": "app.api.v1.endpoints.mt4_analysis", "message": "File analysis completed in 0.09s"}
{"timestamp": "2025-08-29 16:19:11,420", "level": "INFO", "logger": "app.api.v1.endpoints.mt4_analysis", "message": "Received file path analysis request: D:\D Drive\ULTIMATE CALCULATOR\10.htm"}
{"timestamp": "2025-08-29 16:19:11,420", "level": "INFO", "logger": "app.services.mt4_service", "message": "Processing MT4 statement file: D:\D Drive\ULTIMATE CALCULATOR\10.htm"}
{"timestamp": "2025-08-29 16:19:11,421", "level": "INFO", "logger": "app.services.parsing.mt4_parser_service", "message": "Starting MT4 HTML statement parsing"}
{"timestamp": "2025-08-29 16:19:11,489", "level": "INFO", "logger": "app.services.parsing.mt4_parser_service", "message": "Successfully parsed 14 trades"}
{"timestamp": "2025-08-29 16:19:11,489", "level": "WARNING", "logger": "app.services.mt4_service", "message": "Data validation issues: ['Trade 8: Invalid stop loss: 0.0', 'Trade 8: Sell trade stop loss should be above entry price']"}
{"timestamp": "2025-08-29 16:19:11,489", "level": "INFO", "logger": "app.services.calculations.mt4_calculator_service", "message": "Calculating metrics for 14 trades"}
{"timestamp": "2025-08-29 16:19:11,491", "level": "INFO", "logger": "app.services.mt4_service", "message": "Successfully processed 14 trades in 0.07s"}
{"timestamp": "2025-08-29 16:19:11,491", "level": "INFO", "logger": "app.api.v1.endpoints.mt4_analysis", "message": "Path analysis completed in 0.07s"}
{"timestamp": "2025-08-29 16:21:03,060", "level": "INFO", "logger": "app.api.v1.endpoints.mt4_analysis", "message": "Received file path analysis request: D:\D Drive\ULTIMATE CALCULATOR\10.htm"}
{"timestamp": "2025-08-29 16:21:03,060", "level": "INFO", "logger": "app.services.mt4_service", "message": "Processing MT4 statement file: D:\D Drive\ULTIMATE CALCULATOR\10.htm"}
{"timestamp": "2025-08-29 16:21:03,061", "level": "INFO", "logger": "app.services.parsing.mt4_parser_service", "message": "Starting MT4 HTML statement parsing"}
{"timestamp": "2025-08-29 16:21:03,124", "level": "INFO", "logger": "app.services.parsing.mt4_parser_service", "message": "Successfully parsed 14 trades"}
{"timestamp": "2025-08-29 16:21:03,124", "level": "WARNING", "logger": "app.services.mt4_service", "message": "Data validation issues: ['Trade 8: Invalid stop loss: 0.0', 'Trade 8: Sell trade stop loss should be above entry price']"}
{"timestamp": "2025-08-29 16:21:03,125", "level": "INFO", "logger": "app.services.calculations.mt4_calculator_service", "message": "Calculating metrics for 14 trades"}
{"timestamp": "2025-08-29 16:21:03,126", "level": "INFO", "logger": "app.services.mt4_service", "message": "Successfully processed 14 trades in 0.07s"}
{"timestamp": "2025-08-29 16:21:03,126", "level": "INFO", "logger": "app.api.v1.endpoints.mt4_analysis", "message": "Path analysis completed in 0.07s"}
{"timestamp": "2025-08-29 16:24:04,325", "level": "INFO", "logger": "app.api.v1.endpoints.mt4_analysis", "message": "Received file path analysis request: D:\D Drive\ULTIMATE CALCULATOR\10.htm"}
{"timestamp": "2025-08-29 16:24:04,325", "level": "INFO", "logger": "app.services.mt4_service", "message": "Processing MT4 statement file: D:\D Drive\ULTIMATE CALCULATOR\10.htm"}
{"timestamp": "2025-08-29 16:24:04,326", "level": "INFO", "logger": "app.services.parsing.mt4_parser_service", "message": "Starting MT4 HTML statement parsing"}
{"timestamp": "2025-08-29 16:24:04,388", "level": "INFO", "logger": "app.services.parsing.mt4_parser_service", "message": "Successfully parsed 14 trades"}
{"timestamp": "2025-08-29 16:24:04,388", "level": "WARNING", "logger": "app.services.mt4_service", "message": "Data validation issues: ['Trade 8: Invalid stop loss: 0.0', 'Trade 8: Sell trade stop loss should be above entry price']"}
{"timestamp": "2025-08-29 16:24:04,388", "level": "INFO", "logger": "app.services.calculations.mt4_calculator_service", "message": "Calculating metrics for 14 trades"}
{"timestamp": "2025-08-29 16:24:04,389", "level": "INFO", "logger": "app.services.mt4_service", "message": "Successfully processed 14 trades in 0.06s"}
{"timestamp": "2025-08-29 16:24:04,390", "level": "INFO", "logger": "app.api.v1.endpoints.mt4_analysis", "message": "Path analysis completed in 0.06s"}
{"timestamp": "2025-08-29 16:26:00,875", "level": "INFO", "logger": "app.api.v1.endpoints.mt4_analysis", "message": "Received file path analysis request: D:\D Drive\ULTIMATE CALCULATOR\10.htm"}
{"timestamp": "2025-08-29 16:26:00,875", "level": "INFO", "logger": "app.services.mt4_service", "message": "Processing MT4 statement file: D:\D Drive\ULTIMATE CALCULATOR\10.htm"}
{"timestamp": "2025-08-29 16:26:00,876", "level": "INFO", "logger": "app.services.parsing.mt4_parser_service", "message": "Starting MT4 HTML statement parsing"}
{"timestamp": "2025-08-29 16:26:00,942", "level": "INFO", "logger": "app.services.parsing.mt4_parser_service", "message": "Successfully parsed 14 trades"}
{"timestamp": "2025-08-29 16:26:00,942", "level": "WARNING", "logger": "app.services.mt4_service", "message": "Data validation issues: ['Trade 8: Invalid stop loss: 0.0', 'Trade 8: Sell trade stop loss should be above entry price']"}
{"timestamp": "2025-08-29 16:26:00,943", "level": "INFO", "logger": "app.services.calculations.mt4_calculator_service", "message": "Calculating metrics for 14 trades"}
{"timestamp": "2025-08-29 16:26:00,944", "level": "INFO", "logger": "app.services.mt4_service", "message": "Successfully processed 14 trades in 0.07s"}
{"timestamp": "2025-08-29 16:26:00,944", "level": "INFO", "logger": "app.api.v1.endpoints.mt4_analysis", "message": "Path analysis completed in 0.07s"}
{"timestamp": "2025-08-29 16:30:18,294", "level": "INFO", "logger": "app.api.v1.endpoints.mt4_analysis", "message": "Received file path analysis request: D:\D Drive\ULTIMATE CALCULATOR\10.htm"}
{"timestamp": "2025-08-29 16:30:18,295", "level": "INFO", "logger": "app.services.mt4_service", "message": "Processing MT4 statement file: D:\D Drive\ULTIMATE CALCULATOR\10.htm"}
{"timestamp": "2025-08-29 16:30:18,296", "level": "INFO", "logger": "app.services.parsing.mt4_parser_service", "message": "Starting MT4 HTML statement parsing"}
{"timestamp": "2025-08-29 16:30:18,353", "level": "INFO", "logger": "app.services.parsing.mt4_parser_service", "message": "Successfully parsed 14 trades"}
{"timestamp": "2025-08-29 16:30:18,354", "level": "WARNING", "logger": "app.services.mt4_service", "message": "Data validation issues: ['Trade 8: Invalid stop loss: 0.0', 'Trade 8: Sell trade stop loss should be above entry price']"}
{"timestamp": "2025-08-29 16:30:18,354", "level": "INFO", "logger": "app.services.calculations.mt4_calculator_service", "message": "Calculating metrics for 14 trades"}
{"timestamp": "2025-08-29 16:30:18,356", "level": "INFO", "logger": "app.services.mt4_service", "message": "Successfully processed 14 trades in 0.06s"}
{"timestamp": "2025-08-29 16:30:18,356", "level": "INFO", "logger": "app.api.v1.endpoints.mt4_analysis", "message": "Path analysis completed in 0.06s"}
{"timestamp": "2025-08-29 16:30:32,665", "level": "INFO", "logger": "app.api.v1.endpoints.mt4_analysis", "message": "Received file path analysis request: D:\D Drive\ULTIMATE CALCULATOR\10.htm"}
{"timestamp": "2025-08-29 16:30:32,665", "level": "INFO", "logger": "app.services.mt4_service", "message": "Processing MT4 statement file: D:\D Drive\ULTIMATE CALCULATOR\10.htm"}
{"timestamp": "2025-08-29 16:30:32,666", "level": "INFO", "logger": "app.services.parsing.mt4_parser_service", "message": "Starting MT4 HTML statement parsing"}
{"timestamp": "2025-08-29 16:30:32,710", "level": "INFO", "logger": "app.services.parsing.mt4_parser_service", "message": "Successfully parsed 14 trades"}
{"timestamp": "2025-08-29 16:30:32,712", "level": "WARNING", "logger": "app.services.mt4_service", "message": "Data validation issues: ['Trade 8: Invalid stop loss: 0.0', 'Trade 8: Sell trade stop loss should be above entry price']"}
{"timestamp": "2025-08-29 16:30:32,712", "level": "INFO", "logger": "app.services.calculations.mt4_calculator_service", "message": "Calculating metrics for 14 trades"}
{"timestamp": "2025-08-29 16:30:32,713", "level": "INFO", "logger": "app.services.mt4_service", "message": "Successfully processed 14 trades in 0.05s"}
{"timestamp": "2025-08-29 16:30:32,713", "level": "INFO", "logger": "app.api.v1.endpoints.mt4_analysis", "message": "Path analysis completed in 0.05s"}
{"timestamp": "2025-08-29 16:30:34,768", "level": "INFO", "logger": "app.api.v1.endpoints.mt4_analysis", "message": "Received file upload: 10.htm"}
{"timestamp": "2025-08-29 16:30:34,775", "level": "INFO", "logger": "app.services.mt4_service", "message": "Processing MT4 statement file: \tmp\10.htm"}
{"timestamp": "2025-08-29 16:30:34,836", "level": "INFO", "logger": "app.services.parsing.mt4_parser_service", "message": "Starting MT4 HTML statement parsing"}
{"timestamp": "2025-08-29 16:30:34,884", "level": "INFO", "logger": "app.services.parsing.mt4_parser_service", "message": "Successfully parsed 14 trades"}
{"timestamp": "2025-08-29 16:30:34,885", "level": "WARNING", "logger": "app.services.mt4_service", "message": "Data validation issues: ['Trade 8: Invalid stop loss: 0.0', 'Trade 8: Sell trade stop loss should be above entry price']"}
{"timestamp": "2025-08-29 16:30:34,885", "level": "INFO", "logger": "app.services.calculations.mt4_calculator_service", "message": "Calculating metrics for 14 trades"}
{"timestamp": "2025-08-29 16:30:34,886", "level": "INFO", "logger": "app.services.mt4_service", "message": "Successfully processed 14 trades in 0.11s"}
{"timestamp": "2025-08-29 16:30:34,887", "level": "INFO", "logger": "app.api.v1.endpoints.mt4_analysis", "message": "File analysis completed in 0.12s"}
{"timestamp": "2025-08-29 16:31:11,815", "level": "INFO", "logger": "app.api.v1.endpoints.mt4_analysis", "message": "Received file path analysis request: D:\D Drive\ULTIMATE CALCULATOR\10.htm"}
{"timestamp": "2025-08-29 16:31:11,816", "level": "INFO", "logger": "app.services.mt4_service", "message": "Processing MT4 statement file: D:\D Drive\ULTIMATE CALCULATOR\10.htm"}
{"timestamp": "2025-08-29 16:31:11,817", "level": "INFO", "logger": "app.services.parsing.mt4_parser_service", "message": "Starting MT4 HTML statement parsing"}
{"timestamp": "2025-08-29 16:31:11,869", "level": "INFO", "logger": "app.services.parsing.mt4_parser_service", "message": "Successfully parsed 14 trades"}
{"timestamp": "2025-08-29 16:31:11,870", "level": "WARNING", "logger": "app.services.mt4_service", "message": "Data validation issues: ['Trade 8: Invalid stop loss: 0.0', 'Trade 8: Sell trade stop loss should be above entry price']"}
{"timestamp": "2025-08-29 16:31:11,870", "level": "INFO", "logger": "app.services.calculations.mt4_calculator_service", "message": "Calculating metrics for 14 trades"}
{"timestamp": "2025-08-29 16:31:11,871", "level": "INFO", "logger": "app.services.mt4_service", "message": "Successfully processed 14 trades in 0.06s"}
{"timestamp": "2025-08-29 16:31:11,872", "level": "INFO", "logger": "app.api.v1.endpoints.mt4_analysis", "message": "Path analysis completed in 0.06s"}
{"timestamp": "2025-08-29 16:31:26,654", "level": "INFO", "logger": "app.api.v1.endpoints.mt4_analysis", "message": "Received file upload: 10.htm"}
{"timestamp": "2025-08-29 16:31:26,657", "level": "INFO", "logger": "app.services.mt4_service", "message": "Processing MT4 statement file: \tmp\10.htm"}
{"timestamp": "2025-08-29 16:31:26,678", "level": "INFO", "logger": "app.services.parsing.mt4_parser_service", "message": "Starting MT4 HTML statement parsing"}
{"timestamp": "2025-08-29 16:31:26,718", "level": "INFO", "logger": "app.services.parsing.mt4_parser_service", "message": "Successfully parsed 14 trades"}
{"timestamp": "2025-08-29 16:31:26,719", "level": "WARNING", "logger": "app.services.mt4_service", "message": "Data validation issues: ['Trade 8: Invalid stop loss: 0.0', 'Trade 8: Sell trade stop loss should be above entry price']"}
{"timestamp": "2025-08-29 16:31:26,720", "level": "INFO", "logger": "app.services.calculations.mt4_calculator_service", "message": "Calculating metrics for 14 trades"}
{"timestamp": "2025-08-29 16:31:26,721", "level": "INFO", "logger": "app.services.mt4_service", "message": "Successfully processed 14 trades in 0.06s"}
{"timestamp": "2025-08-29 16:31:26,721", "level": "INFO", "logger": "app.api.v1.endpoints.mt4_analysis", "message": "File analysis completed in 0.07s"}
{"timestamp": "2025-08-29 17:04:07,237", "level": "INFO", "logger": "main", "message": "Starting MT4 FastAPI Backend"}
{"timestamp": "2025-08-29 17:04:07,237", "level": "INFO", "logger": "main", "message": "Upload directory ready: uploads"}
{"timestamp": "2025-08-29 17:04:07,238", "level": "INFO", "logger": "main", "message": "Application startup complete"}
{"timestamp": "2025-08-29 17:05:09,115", "level": "INFO", "logger": "app.api.v1.endpoints.mt4_analysis", "message": "Received file path analysis request: D:\D Drive\ULTIMATE CALCULATOR\10.htm"}
{"timestamp": "2025-08-29 17:05:09,116", "level": "INFO", "logger": "app.services.mt4_service", "message": "Processing MT4 statement file: D:\D Drive\ULTIMATE CALCULATOR\10.htm"}
{"timestamp": "2025-08-29 17:05:09,134", "level": "INFO", "logger": "app.services.parsing.mt4_parser_service", "message": "Starting MT4 HTML statement parsing"}
{"timestamp": "2025-08-29 17:05:09,187", "level": "INFO", "logger": "app.services.parsing.mt4_parser_service", "message": "Successfully parsed 14 trades"}
{"timestamp": "2025-08-29 17:05:09,189", "level": "WARNING", "logger": "app.services.mt4_service", "message": "Data validation issues: ['Trade 8: Invalid stop loss: 0.0', 'Trade 8: Sell trade stop loss should be above entry price']"}
{"timestamp": "2025-08-29 17:05:09,189", "level": "INFO", "logger": "app.services.calculations.mt4_calculator_service", "message": "Calculating metrics for 14 trades"}
{"timestamp": "2025-08-29 17:05:09,191", "level": "INFO", "logger": "app.services.calculations.mt4_calculator_service", "message": "Calculating risk analysis for 3 open trades"}
{"timestamp": "2025-08-29 17:05:09,191", "level": "INFO", "logger": "app.services.mt4_service", "message": "Calculated risk analysis for 3 open trades"}
{"timestamp": "2025-08-29 17:05:09,191", "level": "INFO", "logger": "app.services.mt4_service", "message": "Successfully processed 14 trades in 0.08s"}
{"timestamp": "2025-08-29 17:05:09,192", "level": "INFO", "logger": "app.api.v1.endpoints.mt4_analysis", "message": "Path analysis completed in 0.08s"}
{"timestamp": "2025-08-29 17:05:11,222", "level": "INFO", "logger": "app.api.v1.endpoints.mt4_analysis", "message": "Risk calculation request: TradeType.BUY @ 1.25"}
{"timestamp": "2025-08-29 17:05:11,223", "level": "INFO", "logger": "app.services.calculations.mt4_calculator_service", "message": "Risk calculator: R-Multiple=2.00, Risk Level=MEDIUM"}
{"timestamp": "2025-08-29 17:05:13,260", "level": "INFO", "logger": "app.api.v1.endpoints.mt4_analysis", "message": "Risk calculation request: TradeType.SELL @ 108200.0"}
{"timestamp": "2025-08-29 17:05:13,261", "level": "INFO", "logger": "app.services.calculations.mt4_calculator_service", "message": "Risk calculator: R-Multiple=2.00, Risk Level=LOW"}
{"timestamp": "2025-08-29 17:05:17,330", "level": "INFO", "logger": "app.api.v1.endpoints.mt4_analysis", "message": "Received file path analysis request: D:\D Drive\ULTIMATE CALCULATOR\10.htm"}
{"timestamp": "2025-08-29 17:05:17,330", "level": "INFO", "logger": "app.services.mt4_service", "message": "Processing MT4 statement file: D:\D Drive\ULTIMATE CALCULATOR\10.htm"}
{"timestamp": "2025-08-29 17:05:17,331", "level": "INFO", "logger": "app.services.parsing.mt4_parser_service", "message": "Starting MT4 HTML statement parsing"}
{"timestamp": "2025-08-29 17:05:17,389", "level": "INFO", "logger": "app.services.parsing.mt4_parser_service", "message": "Successfully parsed 14 trades"}
{"timestamp": "2025-08-29 17:05:17,390", "level": "WARNING", "logger": "app.services.mt4_service", "message": "Data validation issues: ['Trade 8: Invalid stop loss: 0.0', 'Trade 8: Sell trade stop loss should be above entry price']"}
{"timestamp": "2025-08-29 17:05:17,391", "level": "INFO", "logger": "app.services.calculations.mt4_calculator_service", "message": "Calculating metrics for 14 trades"}
{"timestamp": "2025-08-29 17:05:17,392", "level": "INFO", "logger": "app.services.calculations.mt4_calculator_service", "message": "Calculating risk analysis for 3 open trades"}
{"timestamp": "2025-08-29 17:05:17,393", "level": "INFO", "logger": "app.services.mt4_service", "message": "Calculated risk analysis for 3 open trades"}
{"timestamp": "2025-08-29 17:05:17,393", "level": "INFO", "logger": "app.services.mt4_service", "message": "Successfully processed 14 trades in 0.06s"}
{"timestamp": "2025-08-29 17:05:17,393", "level": "INFO", "logger": "app.api.v1.endpoints.mt4_analysis", "message": "Path analysis completed in 0.06s"}
{"timestamp": "2025-08-29 17:17:55,658", "level": "WARNING", "logger": "app.core.errors", "message": "Validation error: [{'type': 'enum', 'loc': ('body', 'trade_type'), 'msg': "Input should be 'buy', 'sell' or 'balance'", 'input': 'BUY', 'ctx': {'expected': "'buy', 'sell' or 'balance'"}}]"}
{"timestamp": "2025-08-29 17:18:41,029", "level": "INFO", "logger": "app.api.v1.endpoints.mt4_analysis", "message": "Risk calculation request: TradeType.BUY @ 1.25"}
{"timestamp": "2025-08-29 17:18:41,029", "level": "INFO", "logger": "app.services.calculations.mt4_calculator_service", "message": "Risk calculator: R-Multiple=2.00, Risk Level=LOW"}
{"timestamp": "2025-08-29 17:19:12,890", "level": "INFO", "logger": "app.api.v1.endpoints.mt4_analysis", "message": "Received file path analysis request: 10.htm"}
{"timestamp": "2025-08-29 17:19:12,891", "level": "INFO", "logger": "app.services.mt4_service", "message": "Processing MT4 statement file: 10.htm"}
{"timestamp": "2025-08-29 17:19:12,891", "level": "ERROR", "logger": "app.services.mt4_service", "message": "File validation failed: File not found: 10.htm"}
{"timestamp": "2025-08-29 17:19:12,891", "level": "WARNING", "logger": "app.core.errors", "message": "HTTP Exception: 400 - File validation failed"}
{"timestamp": "2025-08-29 17:20:11,900", "level": "INFO", "logger": "app.api.v1.endpoints.mt4_analysis", "message": "Risk calculation request: TradeType.BUY @ 1.25"}
{"timestamp": "2025-08-29 17:20:11,901", "level": "INFO", "logger": "app.services.calculations.mt4_calculator_service", "message": "Risk calculator: R-Multiple=2.00, Risk Level=LOW"}
{"timestamp": "2025-08-29 17:20:13,947", "level": "INFO", "logger": "app.api.v1.endpoints.mt4_analysis", "message": "Received file path analysis request: D:\D Drive\ULTIMATE CALCULATOR\10.htm"}
{"timestamp": "2025-08-29 17:20:13,948", "level": "INFO", "logger": "app.services.mt4_service", "message": "Processing MT4 statement file: D:\D Drive\ULTIMATE CALCULATOR\10.htm"}
{"timestamp": "2025-08-29 17:20:13,949", "level": "INFO", "logger": "app.services.parsing.mt4_parser_service", "message": "Starting MT4 HTML statement parsing"}
{"timestamp": "2025-08-29 17:20:13,991", "level": "INFO", "logger": "app.services.parsing.mt4_parser_service", "message": "Successfully parsed 14 trades"}
{"timestamp": "2025-08-29 17:20:13,992", "level": "WARNING", "logger": "app.services.mt4_service", "message": "Data validation issues: ['Trade 8: Invalid stop loss: 0.0', 'Trade 8: Sell trade stop loss should be above entry price']"}
{"timestamp": "2025-08-29 17:20:13,992", "level": "INFO", "logger": "app.services.calculations.mt4_calculator_service", "message": "Calculating metrics for 14 trades"}
{"timestamp": "2025-08-29 17:20:13,994", "level": "INFO", "logger": "app.services.calculations.mt4_calculator_service", "message": "Calculating risk analysis for 3 open trades"}
{"timestamp": "2025-08-29 17:20:13,994", "level": "INFO", "logger": "app.services.mt4_service", "message": "Calculated risk analysis for 3 open trades"}
{"timestamp": "2025-08-29 17:20:13,995", "level": "INFO", "logger": "app.services.mt4_service", "message": "Successfully processed 14 trades in 0.05s"}
{"timestamp": "2025-08-29 17:20:13,996", "level": "INFO", "logger": "app.api.v1.endpoints.mt4_analysis", "message": "Path analysis completed in 0.05s"}
{"timestamp": "2025-08-29 17:21:44,544", "level": "INFO", "logger": "app.api.v1.endpoints.mt4_analysis", "message": "Received file upload: 10.htm"}
{"timestamp": "2025-08-29 17:21:44,545", "level": "INFO", "logger": "app.services.mt4_service", "message": "Processing MT4 statement file: \tmp\10.htm"}
{"timestamp": "2025-08-29 17:21:44,564", "level": "INFO", "logger": "app.services.parsing.mt4_parser_service", "message": "Starting MT4 HTML statement parsing"}
{"timestamp": "2025-08-29 17:21:44,608", "level": "INFO", "logger": "app.services.parsing.mt4_parser_service", "message": "Successfully parsed 14 trades"}
{"timestamp": "2025-08-29 17:21:44,609", "level": "WARNING", "logger": "app.services.mt4_service", "message": "Data validation issues: ['Trade 8: Invalid stop loss: 0.0', 'Trade 8: Sell trade stop loss should be above entry price']"}
{"timestamp": "2025-08-29 17:21:44,609", "level": "INFO", "logger": "app.services.calculations.mt4_calculator_service", "message": "Calculating metrics for 14 trades"}
{"timestamp": "2025-08-29 17:21:44,611", "level": "INFO", "logger": "app.services.calculations.mt4_calculator_service", "message": "Calculating risk analysis for 3 open trades"}
{"timestamp": "2025-08-29 17:21:44,611", "level": "INFO", "logger": "app.services.mt4_service", "message": "Calculated risk analysis for 3 open trades"}
{"timestamp": "2025-08-29 17:21:44,612", "level": "INFO", "logger": "app.services.mt4_service", "message": "Successfully processed 14 trades in 0.07s"}
{"timestamp": "2025-08-29 17:21:44,612", "level": "INFO", "logger": "app.api.v1.endpoints.mt4_analysis", "message": "File analysis completed in 0.07s"}
{"timestamp": "2025-08-29 17:30:05,817", "level": "INFO", "logger": "__main__", "message": "Starting server with configuration:"}
{"timestamp": "2025-08-29 17:30:05,818", "level": "INFO", "logger": "__main__", "message": "   - Host: 0.0.0.0"}
{"timestamp": "2025-08-29 17:30:05,818", "level": "INFO", "logger": "__main__", "message": "   - Port: 8000"}
{"timestamp": "2025-08-29 17:30:05,818", "level": "INFO", "logger": "__main__", "message": "   - Debug: False"}
{"timestamp": "2025-08-29 17:30:05,819", "level": "INFO", "logger": "__main__", "message": "   - Reload: False"}
{"timestamp": "2025-08-29 17:30:05,912", "level": "INFO", "logger": "main", "message": "Starting MT4 FastAPI Backend"}
{"timestamp": "2025-08-29 17:30:05,913", "level": "INFO", "logger": "main", "message": "Upload directory ready: uploads"}
{"timestamp": "2025-08-29 17:30:05,913", "level": "INFO", "logger": "main", "message": "Application startup complete"}
{"timestamp": "2025-08-29 17:31:33,617", "level": "INFO", "logger": "main", "message": "Shutting down MT4 FastAPI Backend"}
{"timestamp": "2025-08-29 17:35:00,297", "level": "INFO", "logger": "app.core.logging", "message": "MT4 FastAPI Backend logging initialized"}
{"timestamp": "2025-08-29 17:35:00,297", "level": "INFO", "logger": "app.core.logging", "message": "Log level: INFO"}
{"timestamp": "2025-08-29 17:35:00,297", "level": "INFO", "logger": "app.core.logging", "message": "Debug mode: False"}
{"timestamp": "2025-08-29 17:35:46,287", "level": "INFO", "logger": "app.core.logging", "message": "MT4 FastAPI Backend logging initialized"}
{"timestamp": "2025-08-29 17:35:46,288", "level": "INFO", "logger": "app.core.logging", "message": "Log level: INFO"}
{"timestamp": "2025-08-29 17:35:46,288", "level": "INFO", "logger": "app.core.logging", "message": "Debug mode: False"}
{"timestamp": "2025-08-29 17:35:46,295", "level": "INFO", "logger": "__main__", "message": "Starting server with configuration:"}
{"timestamp": "2025-08-29 17:35:46,295", "level": "INFO", "logger": "__main__", "message": "   - Host: 0.0.0.0"}
{"timestamp": "2025-08-29 17:35:46,296", "level": "INFO", "logger": "__main__", "message": "   - Port: 8000"}
{"timestamp": "2025-08-29 17:35:46,296", "level": "INFO", "logger": "__main__", "message": "   - Debug: False"}
{"timestamp": "2025-08-29 17:35:46,296", "level": "INFO", "logger": "__main__", "message": "   - Reload: False"}
{"timestamp": "2025-08-29 17:35:46,806", "level": "INFO", "logger": "app.core.logging", "message": "MT4 FastAPI Backend logging initialized"}
{"timestamp": "2025-08-29 17:35:46,807", "level": "INFO", "logger": "app.core.logging", "message": "Log level: INFO"}
{"timestamp": "2025-08-29 17:35:46,807", "level": "INFO", "logger": "app.core.logging", "message": "Debug mode: False"}
{"timestamp": "2025-08-29 17:35:46,815", "level": "INFO", "logger": "main", "message": "Starting MT4 FastAPI Backend"}
{"timestamp": "2025-08-29 17:35:46,816", "level": "INFO", "logger": "main", "message": "Upload directory ready: uploads"}
{"timestamp": "2025-08-29 17:35:46,816", "level": "INFO", "logger": "main", "message": "Application startup complete"}
{"timestamp": "2025-08-29 17:39:39,725", "level": "INFO", "logger": "main", "message": "Shutting down MT4 FastAPI Backend"}
{"timestamp": "2025-08-29 17:51:19,133", "level": "INFO", "logger": "app.core.logging", "message": "MT4 FastAPI Backend logging initialized"}
{"timestamp": "2025-08-29 17:51:19,133", "level": "INFO", "logger": "app.core.logging", "message": "Log level: INFO"}
{"timestamp": "2025-08-29 17:51:19,133", "level": "INFO", "logger": "app.core.logging", "message": "Debug mode: False"}
{"timestamp": "2025-08-29 17:51:19,141", "level": "INFO", "logger": "__main__", "message": "Mounted frontend static files from: D:\D Drive\ULTIMATE CALCULATOR\mt4_frontend"}
{"timestamp": "2025-08-29 17:51:19,142", "level": "INFO", "logger": "__main__", "message": "Starting server with configuration:"}
{"timestamp": "2025-08-29 17:51:19,142", "level": "INFO", "logger": "__main__", "message": "   - Host: 0.0.0.0"}
{"timestamp": "2025-08-29 17:51:19,142", "level": "INFO", "logger": "__main__", "message": "   - Port: 5500"}
{"timestamp": "2025-08-29 17:51:19,142", "level": "INFO", "logger": "__main__", "message": "   - Debug: False"}
{"timestamp": "2025-08-29 17:51:19,142", "level": "INFO", "logger": "__main__", "message": "   - Reload: False"}
{"timestamp": "2025-08-29 17:51:19,199", "level": "INFO", "logger": "app.core.logging", "message": "MT4 FastAPI Backend logging initialized"}
{"timestamp": "2025-08-29 17:51:19,200", "level": "INFO", "logger": "app.core.logging", "message": "Log level: INFO"}
{"timestamp": "2025-08-29 17:51:19,200", "level": "INFO", "logger": "app.core.logging", "message": "Debug mode: False"}
{"timestamp": "2025-08-29 17:51:19,209", "level": "INFO", "logger": "main", "message": "Mounted frontend static files from: D:\D Drive\ULTIMATE CALCULATOR\mt4_frontend"}
{"timestamp": "2025-08-29 17:51:19,210", "level": "INFO", "logger": "main", "message": "Starting MT4 FastAPI Backend"}
{"timestamp": "2025-08-29 17:51:19,210", "level": "INFO", "logger": "main", "message": "Upload directory ready: uploads"}
{"timestamp": "2025-08-29 17:51:19,210", "level": "INFO", "logger": "main", "message": "Application startup complete"}
{"timestamp": "2025-08-29 17:51:19,211", "level": "INFO", "logger": "main", "message": "Shutting down MT4 FastAPI Backend"}
